{"meta":{"version":1,"warehouse":"4.0.2"},"models":{"Asset":[{"_id":"themes/shoka/source/css/app.styl","path":"css/app.styl","modified":0,"renderable":1},{"_id":"themes/shoka/source/images/404.png","path":"images/404.png","modified":0,"renderable":1},{"_id":"themes/shoka/source/css/comment.styl","path":"css/comment.styl","modified":0,"renderable":1},{"_id":"themes/shoka/source/css/mermaid.styl","path":"css/mermaid.styl","modified":0,"renderable":1},{"_id":"themes/shoka/source/images/algolia_logo.svg","path":"images/algolia_logo.svg","modified":0,"renderable":1},{"_id":"themes/shoka/source/images/alipay.png","path":"images/alipay.png","modified":0,"renderable":1},{"_id":"themes/shoka/source/images/avatar.jpg","path":"images/avatar.jpg","modified":0,"renderable":1},{"_id":"themes/shoka/source/images/failure.ico","path":"images/failure.ico","modified":0,"renderable":1},{"_id":"themes/shoka/source/images/apple-touch-icon.png","path":"images/apple-touch-icon.png","modified":0,"renderable":1},{"_id":"themes/shoka/source/images/favicon.ico","path":"images/favicon.ico","modified":0,"renderable":1},{"_id":"themes/shoka/source/images/paypal.png","path":"images/paypal.png","modified":0,"renderable":1},{"_id":"themes/shoka/source/images/play_disc.png","path":"images/play_disc.png","modified":0,"renderable":1},{"_id":"themes/shoka/source/images/play_needle.png","path":"images/play_needle.png","modified":0,"renderable":1},{"_id":"themes/shoka/source/images/search.png","path":"images/search.png","modified":0,"renderable":1},{"_id":"themes/shoka/source/images/wechatpay.png","path":"images/wechatpay.png","modified":0,"renderable":1},{"_id":"themes/shoka/source/images/logo.svg","path":"images/logo.svg","modified":0,"renderable":1}],"Cache":[{"_id":"source/_posts/hello-world.md","hash":"7d98d6592de80fdcd2949bd7401cec12afd98cdf","modified":1682224514233},{"_id":"themes/shoka/.gitignore","hash":"bfd7d4c19270c8b349107ffb26f50302943571a9","modified":1682225148959},{"_id":"themes/shoka/.editorconfig","hash":"57f50fc69fdc98a28c9bb04c338865a8b267b4bc","modified":1682225148944},{"_id":"themes/shoka/LICENSE","hash":"1a301f54567fbcd67fc138c37071b96ac9e670a1","modified":1682225148959},{"_id":"themes/shoka/package.json","hash":"78e368a218a687a4a0d1936fc723e2e6fca2bdfb","modified":1682225149209},{"_id":"themes/shoka/_images.yml","hash":"bca089255d50638a65fe91b58cd94aff42d9f49c","modified":1682225148959},{"_id":"themes/shoka/_config.yml","hash":"8c22616c0b5fe98f1d3c80034ccabf4025bdd3be","modified":1682225148959},{"_id":"themes/shoka/languages/README.md","hash":"d40601b23836327a36b0d75361f57e95413c50b3","modified":1682225149038},{"_id":"themes/shoka/languages/default.yml","hash":"da38f00bb45a318f118db0d74df24a137351777e","modified":1682225149038},{"_id":"themes/shoka/example/package.json","hash":"4744a2d23b4558be8932df77989c2ba133f0388e","modified":1682225148959},{"_id":"themes/shoka/example/_config.shoka.yml","hash":"ab07b1fd050e985e120d0e1797c588c721ac1772","modified":1682225148959},{"_id":"themes/shoka/example/_config.yml","hash":"a6596f241cd5d2e970c025cf927d54ed226e9ec0","modified":1682225148959},{"_id":"themes/shoka/languages/en.yml","hash":"41fb069ee781a9b36be8257627a0f5bd9479cf7f","modified":1682225149038},{"_id":"themes/shoka/languages/zh-CN.yml","hash":"d2cac0184e803ec1947187b23979e24065184ad4","modified":1682225149054},{"_id":"themes/shoka/languages/ja.yml","hash":"579f9e79003eb37a9c68346db0961bff4d9f6a03","modified":1682225149054},{"_id":"themes/shoka/languages/zh-HK.yml","hash":"85a4b1ecd3a36b2e92ebe923495aab1682359e3c","modified":1682225149054},{"_id":"themes/shoka/layout/archive.njk","hash":"01847f527849426aab8fcad795597a7076d761fd","modified":1682225149194},{"_id":"themes/shoka/languages/zh-TW.yml","hash":"060f1886301e9c13241b63c2b5983ebc9f35acaa","modified":1682225149054},{"_id":"themes/shoka/layout/category.njk","hash":"11a604e3285262d34368b1eb1bf6ff8349c3345f","modified":1682225149194},{"_id":"themes/shoka/layout/index.njk","hash":"561b703a552bf6afaa76a128945a1cc26df3f865","modified":1682225149194},{"_id":"themes/shoka/layout/post.njk","hash":"7213742682ed6c759f6078809b404401ea1784c0","modified":1682225149209},{"_id":"themes/shoka/README.md","hash":"162ec0ffef6a69e09c9b00dbc9a8f400b3826fac","modified":1682225148959},{"_id":"themes/shoka/layout/page.njk","hash":"2dac7be8699c8ad6364831eac2ab0167dba7c689","modified":1682225149194},{"_id":"themes/shoka/layout/_alternate/json.ejs","hash":"74975fb6d1ca1099cd843c180ce49353b2061c53","modified":1682225149054},{"_id":"themes/shoka/layout/_alternate/rss.ejs","hash":"bd8df7a85959df3231b0bb617d7b5d05a98c48de","modified":1682225149054},{"_id":"themes/shoka/layout/tag.njk","hash":"f1e9539c178db724961e04bcc08fa94279aae4b1","modified":1682225149209},{"_id":"themes/shoka/layout/_alternate/atom.ejs","hash":"4b40589945713ab19eea69902b0768fc69ec1027","modified":1682225149054},{"_id":"themes/shoka/layout/_macro/comment.njk","hash":"fc91ceb0b2c86a38839cef84f50487f119367cd7","modified":1682225149069},{"_id":"themes/shoka/layout/_macro/breadcrumb.njk","hash":"1dc8ee1de2c20d514c251145d00536d9b0170335","modified":1682225149069},{"_id":"themes/shoka/layout/_macro/card.njk","hash":"0dfd6a2e21119131566f03d7bebedda15d4261b0","modified":1682225149069},{"_id":"themes/shoka/layout/_macro/segment.njk","hash":"c8e21eeea552c7c685e50252d1983785edc6a29a","modified":1682225149069},{"_id":"themes/shoka/layout/_macro/postmeta.njk","hash":"11e73da9e907e20ea81b920c47265e88fb5d210c","modified":1682225149069},{"_id":"themes/shoka/layout/_partials/footer.njk","hash":"4aabeeac4cec09a868aed39282c9d3b3a23e38ba","modified":1682225149084},{"_id":"themes/shoka/layout/_partials/header.njk","hash":"370b4ae76844b6659ad4dc506a37d6ac9bcead20","modified":1682225149084},{"_id":"themes/shoka/layout/_partials/pagination.njk","hash":"676ef88ab76d735696f6e8c04338eb3887fb63cc","modified":1682225149084},{"_id":"themes/shoka/scripts/filters/locals.js","hash":"63ada9722d96f021f1cd398bbe7bb4991dde1231","modified":1682225149209},{"_id":"themes/shoka/scripts/filters/post.js","hash":"44069b5007b3a692eba70dd9354fc0f4dd27d5ed","modified":1682225149209},{"_id":"themes/shoka/layout/_macro/sidebar.njk","hash":"7f170b2649f09e88933de4121803990baf5d4022","modified":1682225149069},{"_id":"themes/shoka/scripts/generaters/archive.js","hash":"a6f87b628f6125cc2614f7214e2ef2995a084663","modified":1682225149209},{"_id":"themes/shoka/scripts/generaters/images.js","hash":"fcf3d1802c4bb5ff6f2683987f048371e2d00488","modified":1682225149225},{"_id":"themes/shoka/scripts/generaters/config.js","hash":"8b9aebab15e192f3a5bc2539ce3aeaddbee98be8","modified":1682225149209},{"_id":"themes/shoka/layout/_macro/widgets.njk","hash":"1045129c1163e603e9a927161417354758602737","modified":1682225149069},{"_id":"themes/shoka/scripts/generaters/index.js","hash":"27b52046c1452b8cb7ca1f64f1eff3d8ad4b0ab6","modified":1682225149225},{"_id":"themes/shoka/scripts/generaters/pages.js","hash":"dd8bb4adec63efa8efc282febd4da989e1523262","modified":1682225149225},{"_id":"themes/shoka/scripts/generaters/script.js","hash":"243e11786081d8d7d5d3b52338925a71c8da8e2c","modified":1682225149225},{"_id":"themes/shoka/scripts/helpers/asset.js","hash":"df236860cd91a1c6ffc78ffb4156730d6a59c5d1","modified":1682225149225},{"_id":"themes/shoka/scripts/helpers/engine.js","hash":"02bdf84317ddb775cbb5fcdb9ad70c1cb5631ffd","modified":1682225149225},{"_id":"themes/shoka/scripts/helpers/list_categories.js","hash":"84507e35a428179bd5838fe80d527a9433916391","modified":1682225149225},{"_id":"themes/shoka/scripts/renderer/njk.js","hash":"480f25325494e4caa04794cd496912f628ae2691","modified":1682225149225},{"_id":"themes/shoka/layout/_partials/layout.njk","hash":"322cd6927edccbd47eafb63097181ad115a9a4d5","modified":1682225149084},{"_id":"themes/shoka/source/css/_colors.styl","hash":"6cb23f12441e7517cc614336d867cfa2f35284d7","modified":1682225149243},{"_id":"themes/shoka/source/css/_mixins.styl","hash":"68c4bfee20cc6ee477548ce3e4e28e19697d8af3","modified":1682225149381},{"_id":"themes/shoka/source/css/app.styl","hash":"572d20c4c574b87a2fc49290206c90c8baa7133d","modified":1682225149381},{"_id":"themes/shoka/source/css/_iconfont.styl","hash":"05117f95a16e5f7c08351492752994c03f185911","modified":1682225149381},{"_id":"themes/shoka/source/css/comment.styl","hash":"7502a76342c8d84e4a476b35a91fcec22a15cbed","modified":1682225149381},{"_id":"themes/shoka/source/images/avatar.jpg","hash":"93af0fd2ee6322c5c77760eefba6c81afa2e313e","modified":1682225149397},{"_id":"themes/shoka/source/css/_variables.styl","hash":"c939f1af34a0a8a6a37e6439a8b609a26c9e09d2","modified":1682225149381},{"_id":"themes/shoka/source/images/failure.ico","hash":"5eec5c163400d8ece74286da49130da1ead3f6f6","modified":1682225149397},{"_id":"themes/shoka/source/images/404.png","hash":"b7b18f6689d0a14041d87bab6c4e4ce567249d01","modified":1682225149397},{"_id":"themes/shoka/source/images/algolia_logo.svg","hash":"45eeea0b5fba833e21e38ea10ed5ab385ceb4f01","modified":1682225149397},{"_id":"themes/shoka/source/images/apple-touch-icon.png","hash":"d4e5d65ff663cb71f43515e68d757cbae1ceb3ec","modified":1682225149397},{"_id":"themes/shoka/source/images/alipay.png","hash":"013436bac325a3a0c2c9b13a08312fc4e7025d69","modified":1682225149397},{"_id":"themes/shoka/source/images/play_needle.png","hash":"e0998828ab50ce37617f9f4d46b74648206ac852","modified":1682225149412},{"_id":"themes/shoka/source/images/favicon.ico","hash":"8ae48d9e33b7593cd005aae88b755aa9ce129f0e","modified":1682225149397},{"_id":"themes/shoka/source/css/mermaid.styl","hash":"ec821a3f997691b92b0926ba4534c94a795ef587","modified":1682225149381},{"_id":"themes/shoka/source/images/paypal.png","hash":"872d4b6d3cacee4845246fbf29817f1ee98bb037","modified":1682225149397},{"_id":"themes/shoka/source/images/play_disc.png","hash":"3cfa8dd2e12424c52d1f5e34e9502e446fecde9c","modified":1682225149412},{"_id":"themes/shoka/example/source/_data/custom.styl","hash":"d90bc10047d824d73d4f0ba10f81dfe1628558a0","modified":1682225148976},{"_id":"themes/shoka/source/images/wechatpay.png","hash":"470a42ee16dd516580d5e51607f11dc353a49675","modified":1682225149412},{"_id":"themes/shoka/source/images/search.png","hash":"08c4f6a7a92eff3548aec94b267a23a25e6bd215","modified":1682225149412},{"_id":"themes/shoka/source/images/logo.svg","hash":"830dfbd6dff2986130819f747b25db230b05ca84","modified":1682225149397},{"_id":"themes/shoka/example/source/_data/colors.styl","hash":"00b06d9366f6a477d02e94eea16bd07aafb7ff2f","modified":1682225148959},{"_id":"themes/shoka/example/source/_data/languages.yml","hash":"79b49c2d38c14e29274ebf461fbb3f83ea018fbb","modified":1682225148976},{"_id":"themes/shoka/example/source/friends/_data.yml","hash":"1b090bd2f25f4d00471f31c4136141d4ad1ae19a","modified":1682225149038},{"_id":"themes/shoka/example/source/friends/index.md","hash":"c44fdf47aae95588c686a15fa2046ab9a4c09b9b","modified":1682225149038},{"_id":"themes/shoka/scripts/tags/media.js","hash":"a0f66450f48a1ce0f6c532e687fc3ee85aeed175","modified":1682225149225},{"_id":"themes/shoka/example/source/_posts/categories.md","hash":"c1ca20b94100a77efc569f43986951a2551f6b64","modified":1682225148976},{"_id":"themes/shoka/example/source/_posts/elements.md","hash":"66dde9f7cef1c9a90a15776b633c8ab4272ed826","modified":1682225148990},{"_id":"themes/shoka/example/source/_posts/code-highlight.md","hash":"607f8cf393ad1082398c7f5246e229405bda4de3","modified":1682225148976},{"_id":"themes/shoka/example/source/_data/iconfont.styl","hash":"b3c284f5bf48ae84d4f016779cf43b67c87e0b87","modified":1682225148976},{"_id":"themes/shoka/example/source/_data/images.yml","hash":"bca089255d50638a65fe91b58cd94aff42d9f49c","modified":1682225148976},{"_id":"themes/shoka/example/source/_posts/gallery-post.md","hash":"ae577f5171f0354fb0a3702da5bb8ba14372dc28","modified":1682225149007},{"_id":"themes/shoka/example/source/_posts/hello-world.md","hash":"ceb583413b760182a3c2463bf7f15c03328a37bc","modified":1682225149007},{"_id":"themes/shoka/example/source/_posts/images.md","hash":"f09b4339b8334584ec311be7e2a2e7e839bcfa04","modified":1682225149007},{"_id":"themes/shoka/example/source/_posts/link-post-without-title.md","hash":"811e7ec6f4ed747388e8255b27e482d04b304c51","modified":1682225149007},{"_id":"themes/shoka/example/source/_posts/long-title.md","hash":"e11f04c88e453b6b265d634458a69d0124edc684","modified":1682225149007},{"_id":"themes/shoka/example/source/_posts/link-post.md","hash":"ac9a280178ba63ccc3acc7540aa96db4d08b5b21","modified":1682225149007},{"_id":"themes/shoka/example/source/_posts/no-title.md","hash":"24536a15b2a9633d0a4dfad66c0ab51a683d78b5","modified":1682225149007},{"_id":"themes/shoka/example/source/_posts/excerpts.md","hash":"9f51babe45d9f45a04d1e6c52eb8a96b58478029","modified":1682225148990},{"_id":"themes/shoka/example/source/_posts/tags.md","hash":"788411e01f179f65bc6ea61c73601a0a4a1072d0","modified":1682225149007},{"_id":"themes/shoka/example/source/_posts/videos.md","hash":"32735a9b9f0370d49e0f4311c8bc1fbcfba98445","modified":1682225149007},{"_id":"themes/shoka/example/source/_posts/tag-plugins.md","hash":"35e8c2ca9e48d5653f8d69ef05a0221c1b207e4e","modified":1682225149007},{"_id":"themes/shoka/example/source/_posts/markdown.md","hash":"7b03cdab8abff7010603ad0e66ef611564e08694","modified":1682225149007},{"_id":"themes/shoka/example/source/_posts/日本語テスト.md","hash":"5ae9b45f038baa96bd179b4ad0b03409e9a76bdb","modified":1682225149007},{"_id":"themes/shoka/layout/_partials/head/head.njk","hash":"91acf8eae82afe770d6f174a37c12b9617b0d97c","modified":1682225149084},{"_id":"themes/shoka/example/source/_posts/中文測試.md","hash":"0dd7c0e2e2242939b69dd6d66fe28f56b69ff65a","modified":1682225149007},{"_id":"themes/shoka/layout/_partials/post/copyright.njk","hash":"b6aa82c28683bdb337920db718841bee207dc2d9","modified":1682225149178},{"_id":"themes/shoka/layout/_partials/head/head_unique.njk","hash":"afb09eeda0de5dd4df67ba80b58b9ace9eaf5e0d","modified":1682225149084},{"_id":"themes/shoka/layout/_partials/post/footer.njk","hash":"8e7cae0c45bbc2cf3e91eac10ab319caa6b27d2e","modified":1682225149178},{"_id":"themes/shoka/layout/_partials/post/nav.njk","hash":"01e49cc56aa8722f0eb2739ce2e55080429e576e","modified":1682225149194},{"_id":"themes/shoka/layout/_partials/post/reward.njk","hash":"f7185a561288a754beae1323a19c200b99dccd08","modified":1682225149194},{"_id":"themes/shoka/layout/_partials/post/post.njk","hash":"e1846d51aca86c873f1c74152b80d50eec79507b","modified":1682225149194},{"_id":"themes/shoka/layout/_partials/sidebar/overview.njk","hash":"3c12aa376662f15366177792a35873f2344152b8","modified":1682225149194},{"_id":"themes/shoka/layout/_partials/third-party/baidu-analytics.njk","hash":"9f4568ede657e6844fe54e3cdf9635ecd94b2bf9","modified":1682225149194},{"_id":"themes/shoka/layout/_partials/sidebar/menu.njk","hash":"14192d78b637ca07ec4a0505268bfaecca2f0680","modified":1682225149194},{"_id":"themes/shoka/source/js/_app/dom.js","hash":"1bd152fc94f33793e71cada5ec8bbfd71e531d6c","modified":1682225149412},{"_id":"themes/shoka/source/js/_app/fireworks.js","hash":"e4bf5a9955618bb43020e175e59e497b28c78131","modified":1682225149412},{"_id":"themes/shoka/source/js/_app/global.js","hash":"a792824837bcf9cb90ec2c831dea2dc4de85cbf1","modified":1682225149412},{"_id":"themes/shoka/source/js/_app/page.js","hash":"d8a51bdd02bc839290df4ea9708a3e1cf39a823a","modified":1682225149412},{"_id":"themes/shoka/source/js/_app/pjax.js","hash":"0528d97ad162eb9f70e21540d993d48e6027ba2d","modified":1682225149412},{"_id":"themes/shoka/source/js/_app/sidebar.js","hash":"1d532138431e98e28f7579a52b0e88909aba76e0","modified":1682225149428},{"_id":"themes/shoka/source/css/_common/components/components.styl","hash":"3677ba4471475026d232e3af00d5e6de027151e6","modified":1682225149243},{"_id":"themes/shoka/source/js/_app/utils.js","hash":"6e123d054bf003deb4fc5eb80cfec233e4941851","modified":1682225149428},{"_id":"themes/shoka/source/js/_app/player.js","hash":"d49cc563b239659d554c838f784af8244023f886","modified":1682225149412},{"_id":"themes/shoka/source/css/_common/outline/mobile.styl","hash":"15c7be9e4e1b3c6b55e7beef5685898ae4f846ab","modified":1682225149334},{"_id":"themes/shoka/source/css/_common/outline/outline.styl","hash":"e107c799b88278db84a2d5a8819d17f48511f73e","modified":1682225149334},{"_id":"themes/shoka/source/css/_common/scaffolding/animate.styl","hash":"dda625de5efb0e5b53e81c9da053850e9767da22","modified":1682225149350},{"_id":"themes/shoka/source/css/_common/scaffolding/buttons.styl","hash":"555c4b09c9970931e73abe544ae6356cf870670e","modified":1682225149365},{"_id":"themes/shoka/source/css/_common/scaffolding/base.styl","hash":"415635fa6f145a53a10fa7f0b72247747530f9e7","modified":1682225149365},{"_id":"themes/shoka/scripts/tags/links.js","hash":"ac5844307e62693a9add08b89d9ec4d6aa5bc25e","modified":1682225149225},{"_id":"themes/shoka/source/css/_common/scaffolding/iconfont.styl","hash":"b3c284f5bf48ae84d4f016779cf43b67c87e0b87","modified":1682225149365},{"_id":"themes/shoka/source/css/_common/scaffolding/divider.styl","hash":"faa2e60cafdb0379f66a9ff7f9bd8e4d53551882","modified":1682225149365},{"_id":"themes/shoka/source/css/_common/scaffolding/normalize.styl","hash":"eea39861e6cb0cdc0e26d2f7878c2059991d3d40","modified":1682225149365},{"_id":"themes/shoka/source/css/_common/scaffolding/pagination.styl","hash":"80bb3542fb6c7245f9f559c97938a65d29a61784","modified":1682225149365},{"_id":"themes/shoka/source/css/_common/scaffolding/scaffolding.styl","hash":"14295140c2e5e50545a9b8404839589d486d78c9","modified":1682225149365},{"_id":"themes/shoka/source/css/_common/scaffolding/tip.styl","hash":"ffdfdc91b9d29060a36bfdf92b746596fd05afd9","modified":1682225149381},{"_id":"themes/shoka/source/css/_common/scaffolding/scrollbar.styl","hash":"f34503ae1dce5bfc964d52f3f22601058fc7a907","modified":1682225149381},{"_id":"themes/shoka/source/css/_common/scaffolding/ribbon.styl","hash":"e9c99fbd15cb9b118091d6e9add6aaf2abd8ab7d","modified":1682225149365},{"_id":"themes/shoka/source/css/_common/scaffolding/tables.styl","hash":"a67472f2b36047f5f1c2d85e398afe5003e06087","modified":1682225149381},{"_id":"themes/shoka/source/css/_common/scaffolding/toggles.styl","hash":"a71d609401001c9b15608d5276636180d49cf844","modified":1682225149381},{"_id":"themes/shoka/example/source/_posts/computer-science/note/theme-shoka-doc.md","hash":"cd2c1d52df850bd7e8cc130bfb19ae6a5fc97f25","modified":1682225148990},{"_id":"themes/shoka/source/css/_common/components/highlight/operation.styl","hash":"f2ac0660d8f9e4d4582a4a8c4f97bd6d80162a6d","modified":1682225149243},{"_id":"themes/shoka/source/css/_common/components/pages/collapse.styl","hash":"a0ecc9afe8c03eae06075fc53c39057e05d22b1e","modified":1682225149243},{"_id":"themes/shoka/source/css/_common/components/pages/tag-cloud.styl","hash":"2ebc481064dae0b593e8caff838044f92a5e2ef7","modified":1682225149259},{"_id":"themes/shoka/example/source/_posts/computer-science/note/cover.jpg","hash":"6d077a7330284d0fb2b79e96d7e5b56121395df3","modified":1682225148990},{"_id":"themes/shoka/source/css/_common/components/pages/pages.styl","hash":"e2af0d359247a82dab6f8d6ce90d6b0d5fca4dc9","modified":1682225149259},{"_id":"themes/shoka/source/css/_common/components/highlight/highlight.styl","hash":"18be598f5f1d75cb4869adcd1ae47bd19456b2c5","modified":1682225149243},{"_id":"themes/shoka/source/css/_common/components/pages/home.styl","hash":"95ad71e89df31b58e9db37b4b0c092f2102f91b2","modified":1682225149243},{"_id":"themes/shoka/source/css/_common/components/post/breadcrumb.styl","hash":"43f7a0d6c7f7bde6a4e521acb67a5b0543a12b77","modified":1682225149259},{"_id":"themes/shoka/source/css/_common/components/post/footer.styl","hash":"256f45905d0d1b17d74b6cbfebdc5ef7a107ed83","modified":1682225149259},{"_id":"themes/shoka/source/css/_common/components/post/copyright.styl","hash":"0a3991a291b53301c6a3f5a86532ea75b8acf355","modified":1682225149259},{"_id":"themes/shoka/source/css/_common/components/post/expand.styl","hash":"ecd24e46405f6e2f08394d7e1e65c86b9294642f","modified":1682225149259},{"_id":"themes/shoka/source/css/_common/components/post/header.styl","hash":"b1b13db6e10a9b46fbd052dc4db1aa1cfb97ab97","modified":1682225149259},{"_id":"themes/shoka/source/css/_common/components/post/rtl.styl","hash":"4a431ec0b382ae6693f1aee54599da18eddc6a59","modified":1682225149273},{"_id":"themes/shoka/source/css/_common/components/post/post.styl","hash":"510d1f7457c2191f8a7bd84ce79cc3c0aade44a8","modified":1682225149259},{"_id":"themes/shoka/source/css/_common/components/post/reward.styl","hash":"897a0a0e37ed23ef8ca6c644b3794cf8c32f1650","modified":1682225149259},{"_id":"themes/shoka/source/css/_common/components/tags/label.styl","hash":"dff26da9be9a7304780941b95d144d03e6b7b19b","modified":1682225149273},{"_id":"themes/shoka/source/css/_common/components/post/tags.styl","hash":"e3348bf77b141068b91181655945277d6270312b","modified":1682225149273},{"_id":"themes/shoka/source/css/_common/components/post/nav.styl","hash":"7c8f1bf2c755b8c3d1a41eaf1aa6f59d3c23a4a2","modified":1682225149259},{"_id":"themes/shoka/source/css/_common/components/tags/collapse.styl","hash":"aa663a0fcee4138be9a3272172cd30b8118261df","modified":1682225149273},{"_id":"themes/shoka/source/css/_common/components/tags/container.styl","hash":"541d71873e36373b671a7cec61ac10db48413d9f","modified":1682225149273},{"_id":"themes/shoka/source/css/_common/components/tags/note.styl","hash":"0eb5410344a0e4506b641689d6835ea8929553e8","modified":1682225149287},{"_id":"themes/shoka/source/css/_common/components/tags/list.styl","hash":"53ceac76fcaa1353cae910e80449810be0cc4254","modified":1682225149287},{"_id":"themes/shoka/source/css/_common/components/tags/links.styl","hash":"2732062ecaf3a5fec24442bf2fc25de7f4279ff9","modified":1682225149273},{"_id":"themes/shoka/source/css/_common/components/tags/tags.styl","hash":"b353f2dfc373508d0e0c798bd22107f63591054f","modified":1682225149287},{"_id":"themes/shoka/source/css/_common/components/tags/player.styl","hash":"f182dad19b6cc575a1631713a00fd7f0d4516c19","modified":1682225149287},{"_id":"themes/shoka/source/css/_common/components/third-party/pace.styl","hash":"c93cb3a4715394f8a35db9bb65e03aea8bda45da","modified":1682225149303},{"_id":"themes/shoka/source/css/_common/components/tags/quiz.styl","hash":"cc0fbb250fdf00887c043e41f0cb777f4f46f992","modified":1682225149287},{"_id":"themes/shoka/source/css/_common/components/third-party/loading.styl","hash":"dc513c323ac3555a94e96809d57d09bc4d65fc2b","modified":1682225149287},{"_id":"themes/shoka/source/css/_common/components/tags/tabs.styl","hash":"950cb00307208fbb332119796c4a1ac850f19941","modified":1682225149287},{"_id":"themes/shoka/source/css/_common/components/third-party/search.styl","hash":"33b29d3782f058f2b8b89deb3f738fda2517ca4c","modified":1682225149319},{"_id":"themes/shoka/source/css/_common/components/third-party/theme.styl","hash":"2d112448cc435b58c57ebd9b31e016e6ae8af5d0","modified":1682225149319},{"_id":"themes/shoka/source/css/_common/components/third-party/third-party.styl","hash":"68ee764bfb8bb0bb478cd41c78895dd341600d26","modified":1682225149319},{"_id":"themes/shoka/source/css/_common/components/third-party/valine.styl","hash":"59c69ea7817c0348872f865d406b9650814279ce","modified":1682225149319},{"_id":"themes/shoka/source/css/_common/outline/footer/footer.styl","hash":"66592076afe7b86b7962aac5451e0b5248d7172e","modified":1682225149319},{"_id":"themes/shoka/source/css/_common/components/third-party/widgets.styl","hash":"71fe298ba9de676ebc3c00febe10784aa7dc119a","modified":1682225149319},{"_id":"themes/shoka/source/css/_common/outline/header/header.styl","hash":"ca7f94ebb0f3090405aab79889b81d4e708a6ab6","modified":1682225149319},{"_id":"themes/shoka/source/css/_common/outline/header/brand.styl","hash":"6335d84443326d19fff8e17f364d4cace8f19445","modified":1682225149319},{"_id":"themes/shoka/source/css/_common/outline/header/image.styl","hash":"0777d91cbc7e228426c46ee97627a32054526013","modified":1682225149334},{"_id":"themes/shoka/source/css/_common/outline/header/right.styl","hash":"d9a7f9923ea7ad2b3aeda9ce7140697f9d094054","modified":1682225149334},{"_id":"themes/shoka/source/css/_common/outline/sidebar/dimmer.styl","hash":"66f159f21cafe1dc71570f7018678a0a3862c175","modified":1682225149350},{"_id":"themes/shoka/source/css/_common/outline/header/nav.styl","hash":"b267a98cfee639dad82e0889b29ac5bee2634ab6","modified":1682225149334},{"_id":"themes/shoka/source/css/_common/outline/sidebar/author.styl","hash":"a09b34b35d31a4b8e275bfbb92efa48fe6608d2f","modified":1682225149334},{"_id":"themes/shoka/source/css/_common/outline/header/tool.styl","hash":"1fa043670ba8cc2a4c86081e5dd88e9ed4b1f978","modified":1682225149334},{"_id":"themes/shoka/source/css/_common/outline/header/waves.styl","hash":"f9e6ae9e36429568c0323a112f39d6ea2baaefd6","modified":1682225149334},{"_id":"themes/shoka/source/css/_common/outline/sidebar/menu.styl","hash":"46df47361148673e6c2ce114b4f498be63c0e4ab","modified":1682225149350},{"_id":"themes/shoka/source/css/_common/outline/sidebar/quick.styl","hash":"01b34ce24ad3dde1147c8f3a6babd70e3d45b461","modified":1682225149350},{"_id":"themes/shoka/source/css/_common/outline/sidebar/sidebar.styl","hash":"6a1a13ecc6de3ceba1957f95aa852d440abaae9b","modified":1682225149350},{"_id":"themes/shoka/source/css/_common/outline/sidebar/related.styl","hash":"e300d2ec33fb7bfbc9310578b8891eb6cd137e86","modified":1682225149350},{"_id":"themes/shoka/source/css/_common/outline/sidebar/state.styl","hash":"c2eaaba4c35df5253ae236318b5e6f76861d37f8","modified":1682225149350},{"_id":"themes/shoka/source/css/_common/outline/header/menu.styl","hash":"3b309ade55860b4d8c693b336a33e470436a32b7","modified":1682225149334},{"_id":"themes/shoka/source/css/_common/outline/sidebar/social.styl","hash":"33f6459f44e15ef3320e3b208e5345ff1d0cee5f","modified":1682225149350},{"_id":"themes/shoka/source/css/_common/outline/sidebar/tab.styl","hash":"b6f604f7293230d0113dabe5deeb61b809fdf035","modified":1682225149350},{"_id":"themes/shoka/example/source/_posts/computer-science/note/theme-shoka-doc/config.md","hash":"19c4015857b6953da18628967b7a0b84e624a43d","modified":1682225148990},{"_id":"themes/shoka/source/css/_common/outline/sidebar/toc.styl","hash":"5836be92d4d153bd44ff86fe05e0ce83b11ae569","modified":1682225149350},{"_id":"themes/shoka/example/source/_posts/computer-science/java/course-1/week-2.md","hash":"5efffda6c8abc24a1d4671c54928cfe7fb838ce5","modified":1682225148976},{"_id":"themes/shoka/example/source/_posts/computer-science/note/theme-shoka-doc/dependents.md","hash":"5048e40092f39f776060e083c822698e5842a3ea","modified":1682225148990},{"_id":"themes/shoka/source/css/_common/components/third-party/mermaid/class.styl","hash":"0d9b0d1d2ecf981b881e9416fc770d47f679a50f","modified":1682225149287},{"_id":"themes/shoka/example/source/_posts/computer-science/note/theme-shoka-doc/display.md","hash":"fce410e8e5756ea256c6a23ee688455bb8d51e93","modified":1682225148990},{"_id":"themes/shoka/source/css/_common/components/third-party/mermaid/gantt.styl","hash":"bae6617a32026891f510483aa6d25c70a82c5945","modified":1682225149303},{"_id":"themes/shoka/source/css/_common/components/third-party/mermaid/git.styl","hash":"a7e5f3bb9378b1a4fb0f710e28a02fd4fd1b3040","modified":1682225149303},{"_id":"themes/shoka/source/css/_common/components/third-party/mermaid/pie.styl","hash":"bce4029a87d60ba40ff4faadb9d95c76b824141a","modified":1682225149303},{"_id":"themes/shoka/source/css/_common/components/third-party/mermaid/flowchart.styl","hash":"83296761c85b8e82d0757b1a4792a74d50509d2d","modified":1682225149303},{"_id":"themes/shoka/source/css/_common/components/third-party/mermaid/mermaid.styl","hash":"e54378b88ce839626bdbcb00676d79dbe70a742c","modified":1682225149303},{"_id":"themes/shoka/source/css/_common/components/third-party/mermaid/sequence.styl","hash":"7e91e07c39e1c1343626c8d5b9fecfebc6c086f6","modified":1682225149303},{"_id":"themes/shoka/source/css/_common/components/third-party/mermaid/state.styl","hash":"83d21d840bd2bc4249e2dced49efe8cef2281f05","modified":1682225149303},{"_id":"themes/shoka/example/source/_posts/computer-science/java/course-1/week-1.md","hash":"8284465659be7a4b7568244264bc236c01a6d1cb","modified":1682225148976},{"_id":"themes/shoka/example/source/_posts/computer-science/note/theme-shoka-doc/special.md","hash":"3c0c0bf6b7cd1ab3c12e0d097330937a2803ed10","modified":1682225148990},{"_id":"themes/shoka/example/source/_posts/computer-science/java/course-1/cover.jpg","hash":"57341ddf90eeb71d0b9a3fef8cf1f094f9c299b3","modified":1682225148976},{"_id":"themes/shoka/screenshot.png","hash":"676ab8bfe3fa106e5b88617ab377cd6b438cc0d9","modified":1682225149209},{"_id":"themes/shoka/example/source/assets/wallpaper-2572384.jpg","hash":"1df3620ab8c69fe2498a746f8ead057162df0637","modified":1682225149022},{"_id":"themes/shoka/example/source/assets/wallpaper-878514.jpg","hash":"9f9705a377c42320b335b3c66b023e62b80e56e3","modified":1682225149038},{"_id":"themes/shoka/example/source/assets/wallpaper-2311325.jpg","hash":"ddaaaeb4fa04a05c83053c1f8149720d18c9c8de","modified":1682225149022},{"_id":"public/2023/04/23/hello-world/index.html","hash":"9ff0c86e23ec56c44a9835f568c810c85b1e09c5","modified":1682225821649},{"_id":"public/archives/index.html","hash":"631cc39214b972f4e8deb155b352395c5c094375","modified":1682225821649},{"_id":"public/archives/2023/index.html","hash":"41d9ae38bef45132ccae878e14ca7badf28c7e84","modified":1682225821649},{"_id":"public/archives/2023/04/index.html","hash":"45a98d4418da3e8fc31f146386f2450f73ba78f8","modified":1682225821649},{"_id":"public/index.html","hash":"3239a1cf2538c87936169d70ab8f2b7a60d6e235","modified":1682225821649},{"_id":"public/categories/index.html","hash":"2caf9151277a82007825e08dfebca6f3b1b68fb2","modified":1682225821649},{"_id":"public/tags/index.html","hash":"8044593486b495ef275fbb49c122277223392978","modified":1682225821649},{"_id":"public/404.html","hash":"2a2534913b57e9e9d4ca5f3a941ce877b80c0db0","modified":1682225821649},{"_id":"public/js/app.js","hash":"081a6a9556690ef0d37a716766ce4238e56cf419","modified":1682225821649},{"_id":"public/images/alipay.png","hash":"013436bac325a3a0c2c9b13a08312fc4e7025d69","modified":1682225821649},{"_id":"public/images/algolia_logo.svg","hash":"45eeea0b5fba833e21e38ea10ed5ab385ceb4f01","modified":1682225821649},{"_id":"public/images/404.png","hash":"b7b18f6689d0a14041d87bab6c4e4ce567249d01","modified":1682225821649},{"_id":"public/images/avatar.jpg","hash":"93af0fd2ee6322c5c77760eefba6c81afa2e313e","modified":1682225821649},{"_id":"public/images/failure.ico","hash":"5eec5c163400d8ece74286da49130da1ead3f6f6","modified":1682225821649},{"_id":"public/images/apple-touch-icon.png","hash":"d4e5d65ff663cb71f43515e68d757cbae1ceb3ec","modified":1682225821649},{"_id":"public/images/favicon.ico","hash":"8ae48d9e33b7593cd005aae88b755aa9ce129f0e","modified":1682225821649},{"_id":"public/images/paypal.png","hash":"872d4b6d3cacee4845246fbf29817f1ee98bb037","modified":1682225821649},{"_id":"public/images/play_disc.png","hash":"3cfa8dd2e12424c52d1f5e34e9502e446fecde9c","modified":1682225821649},{"_id":"public/images/search.png","hash":"08c4f6a7a92eff3548aec94b267a23a25e6bd215","modified":1682225821649},{"_id":"public/images/play_needle.png","hash":"e0998828ab50ce37617f9f4d46b74648206ac852","modified":1682225821649},{"_id":"public/images/wechatpay.png","hash":"470a42ee16dd516580d5e51607f11dc353a49675","modified":1682225821649},{"_id":"public/images/logo.svg","hash":"830dfbd6dff2986130819f747b25db230b05ca84","modified":1682225821649},{"_id":"public/css/comment.css","hash":"3fdd834337b7789dc939b5865bf492195183b24d","modified":1682225821649},{"_id":"public/css/mermaid.css","hash":"3fe1b97a64b969d4d7a470a4929cb432afefd1bd","modified":1682225821649},{"_id":"public/css/app.css","hash":"fbb748d66415c17e065b20c40d23e9dc47bf3ef7","modified":1682225821649}],"Category":[],"Data":[],"Page":[],"Post":[{"title":"Hello World","_content":"Welcome to [Hexo](https://hexo.io/)! This is your very first post. Check [documentation](https://hexo.io/docs/) for more info. If you get any problems when using Hexo, you can find the answer in [troubleshooting](https://hexo.io/docs/troubleshooting.html) or you can ask me on [GitHub](https://github.com/hexojs/hexo/issues).\n\n## Quick Start\n\n### Create a new post\n\n``` bash\n$ hexo new \"My New Post\"\n```\n\nMore info: [Writing](https://hexo.io/docs/writing.html)\n\n### Run server\n\n``` bash\n$ hexo server\n```\n\nMore info: [Server](https://hexo.io/docs/server.html)\n\n### Generate static files\n\n``` bash\n$ hexo generate\n```\n\nMore info: [Generating](https://hexo.io/docs/generating.html)\n\n### Deploy to remote sites\n\n``` bash\n$ hexo deploy\n```\n\nMore info: [Deployment](https://hexo.io/docs/one-command-deployment.html)\n","source":"_posts/hello-world.md","raw":"---\ntitle: Hello World\n---\nWelcome to [Hexo](https://hexo.io/)! This is your very first post. Check [documentation](https://hexo.io/docs/) for more info. If you get any problems when using Hexo, you can find the answer in [troubleshooting](https://hexo.io/docs/troubleshooting.html) or you can ask me on [GitHub](https://github.com/hexojs/hexo/issues).\n\n## Quick Start\n\n### Create a new post\n\n``` bash\n$ hexo new \"My New Post\"\n```\n\nMore info: [Writing](https://hexo.io/docs/writing.html)\n\n### Run server\n\n``` bash\n$ hexo server\n```\n\nMore info: [Server](https://hexo.io/docs/server.html)\n\n### Generate static files\n\n``` bash\n$ hexo generate\n```\n\nMore info: [Generating](https://hexo.io/docs/generating.html)\n\n### Deploy to remote sites\n\n``` bash\n$ hexo deploy\n```\n\nMore info: [Deployment](https://hexo.io/docs/one-command-deployment.html)\n","slug":"hello-world","published":1,"date":"2023-04-23T04:38:57.514Z","updated":"2023-04-23T04:35:14.233Z","comments":1,"layout":"post","photos":[],"link":"","_id":"clgsxtk110000pctx8rokcaq6","content":"<p>Welcome to <span class=\"exturl\" data-url=\"aHR0cHM6Ly9oZXhvLmlvLw==\">Hexo</span>! This is your very first post. Check <span class=\"exturl\" data-url=\"aHR0cHM6Ly9oZXhvLmlvL2RvY3Mv\">documentation</span> for more info. If you get any problems when using Hexo, you can find the answer in <span class=\"exturl\" data-url=\"aHR0cHM6Ly9oZXhvLmlvL2RvY3MvdHJvdWJsZXNob290aW5nLmh0bWw=\">troubleshooting</span> or you can ask me on <span class=\"exturl\" data-url=\"aHR0cHM6Ly9naXRodWIuY29tL2hleG9qcy9oZXhvL2lzc3Vlcw==\">GitHub</span>.</p>\n<h2 id=\"Quick-Start\"><a href=\"#Quick-Start\" class=\"headerlink\" title=\"Quick Start\"></a>Quick Start</h2><h3 id=\"Create-a-new-post\"><a href=\"#Create-a-new-post\" class=\"headerlink\" title=\"Create a new post\"></a>Create a new post</h3><figure class=\"highlight bash\"><table><tr><td class=\"gutter\"><pre><span class=\"line\">1</span><br></pre></td><td class=\"code\"><pre><span class=\"line\">$ hexo new <span class=\"string\">&quot;My New Post&quot;</span></span><br></pre></td></tr></table></figure>\n\n<p>More info: <span class=\"exturl\" data-url=\"aHR0cHM6Ly9oZXhvLmlvL2RvY3Mvd3JpdGluZy5odG1s\">Writing</span></p>\n<h3 id=\"Run-server\"><a href=\"#Run-server\" class=\"headerlink\" title=\"Run server\"></a>Run server</h3><figure class=\"highlight bash\"><table><tr><td class=\"gutter\"><pre><span class=\"line\">1</span><br></pre></td><td class=\"code\"><pre><span class=\"line\">$ hexo server</span><br></pre></td></tr></table></figure>\n\n<p>More info: <span class=\"exturl\" data-url=\"aHR0cHM6Ly9oZXhvLmlvL2RvY3Mvc2VydmVyLmh0bWw=\">Server</span></p>\n<h3 id=\"Generate-static-files\"><a href=\"#Generate-static-files\" class=\"headerlink\" title=\"Generate static files\"></a>Generate static files</h3><figure class=\"highlight bash\"><table><tr><td class=\"gutter\"><pre><span class=\"line\">1</span><br></pre></td><td class=\"code\"><pre><span class=\"line\">$ hexo generate</span><br></pre></td></tr></table></figure>\n\n<p>More info: <span class=\"exturl\" data-url=\"aHR0cHM6Ly9oZXhvLmlvL2RvY3MvZ2VuZXJhdGluZy5odG1s\">Generating</span></p>\n<h3 id=\"Deploy-to-remote-sites\"><a href=\"#Deploy-to-remote-sites\" class=\"headerlink\" title=\"Deploy to remote sites\"></a>Deploy to remote sites</h3><figure class=\"highlight bash\"><table><tr><td class=\"gutter\"><pre><span class=\"line\">1</span><br></pre></td><td class=\"code\"><pre><span class=\"line\">$ hexo deploy</span><br></pre></td></tr></table></figure>\n\n<p>More info: <span class=\"exturl\" data-url=\"aHR0cHM6Ly9oZXhvLmlvL2RvY3Mvb25lLWNvbW1hbmQtZGVwbG95bWVudC5odG1s\">Deployment</span></p>\n","site":{"data":{}},"excerpt":"","more":"<p>Welcome to <span class=\"exturl\" data-url=\"aHR0cHM6Ly9oZXhvLmlvLw==\">Hexo</span>! This is your very first post. Check <span class=\"exturl\" data-url=\"aHR0cHM6Ly9oZXhvLmlvL2RvY3Mv\">documentation</span> for more info. If you get any problems when using Hexo, you can find the answer in <span class=\"exturl\" data-url=\"aHR0cHM6Ly9oZXhvLmlvL2RvY3MvdHJvdWJsZXNob290aW5nLmh0bWw=\">troubleshooting</span> or you can ask me on <span class=\"exturl\" data-url=\"aHR0cHM6Ly9naXRodWIuY29tL2hleG9qcy9oZXhvL2lzc3Vlcw==\">GitHub</span>.</p>\n<h2 id=\"Quick-Start\"><a href=\"#Quick-Start\" class=\"headerlink\" title=\"Quick Start\"></a>Quick Start</h2><h3 id=\"Create-a-new-post\"><a href=\"#Create-a-new-post\" class=\"headerlink\" title=\"Create a new post\"></a>Create a new post</h3><figure class=\"highlight bash\"><table><tr><td class=\"gutter\"><pre><span class=\"line\">1</span><br></pre></td><td class=\"code\"><pre><span class=\"line\">$ hexo new <span class=\"string\">&quot;My New Post&quot;</span></span><br></pre></td></tr></table></figure>\n\n<p>More info: <span class=\"exturl\" data-url=\"aHR0cHM6Ly9oZXhvLmlvL2RvY3Mvd3JpdGluZy5odG1s\">Writing</span></p>\n<h3 id=\"Run-server\"><a href=\"#Run-server\" class=\"headerlink\" title=\"Run server\"></a>Run server</h3><figure class=\"highlight bash\"><table><tr><td class=\"gutter\"><pre><span class=\"line\">1</span><br></pre></td><td class=\"code\"><pre><span class=\"line\">$ hexo server</span><br></pre></td></tr></table></figure>\n\n<p>More info: <span class=\"exturl\" data-url=\"aHR0cHM6Ly9oZXhvLmlvL2RvY3Mvc2VydmVyLmh0bWw=\">Server</span></p>\n<h3 id=\"Generate-static-files\"><a href=\"#Generate-static-files\" class=\"headerlink\" title=\"Generate static files\"></a>Generate static files</h3><figure class=\"highlight bash\"><table><tr><td class=\"gutter\"><pre><span class=\"line\">1</span><br></pre></td><td class=\"code\"><pre><span class=\"line\">$ hexo generate</span><br></pre></td></tr></table></figure>\n\n<p>More info: <span class=\"exturl\" data-url=\"aHR0cHM6Ly9oZXhvLmlvL2RvY3MvZ2VuZXJhdGluZy5odG1s\">Generating</span></p>\n<h3 id=\"Deploy-to-remote-sites\"><a href=\"#Deploy-to-remote-sites\" class=\"headerlink\" title=\"Deploy to remote sites\"></a>Deploy to remote sites</h3><figure class=\"highlight bash\"><table><tr><td class=\"gutter\"><pre><span class=\"line\">1</span><br></pre></td><td class=\"code\"><pre><span class=\"line\">$ hexo deploy</span><br></pre></td></tr></table></figure>\n\n<p>More info: <span class=\"exturl\" data-url=\"aHR0cHM6Ly9oZXhvLmlvL2RvY3Mvb25lLWNvbW1hbmQtZGVwbG95bWVudC5odG1s\">Deployment</span></p>\n"}],"PostAsset":[],"PostCategory":[],"PostTag":[],"Tag":[]}}